<?xml version="1.0" encoding="UTF-8"?>
<CustomField xmlns="http://soap.sforce.com/2006/04/metadata">
    <fullName>Cart__c</fullName>
    <externalId>false</externalId>
    <label>Cart</label>
    <referenceTo>Cart__c</referenceTo>
    <relationshipLabel>Cart Items</relationshipLabel>
    <relationshipName>Cart_Items</relationshipName>
    <relationshipOrder>0</relationshipOrder>
    <reparentableMasterDetail>false</reparentableMasterDetail>
    <trackTrending>false</trackTrending>
    <type>MasterDetail</type>
    <writeRequiresMasterRead>false</writeRequiresMasterRead>
</CustomField>
