<?xml version="1.0" encoding="UTF-8"?>
<CustomField xmlns="http://soap.sforce.com/2006/04/metadata">
    <fullName>Shipping_Address__c</fullName>
    <deleteConstraint>SetNull</deleteConstraint>
    <externalId>false</externalId>
    <label>Shipping Address</label>
    <referenceTo>Address_Book__c</referenceTo>
    <relationshipLabel>Orders</relationshipLabel>
    <relationshipName>Orders</relationshipName>
    <required>false</required>
    <trackTrending>false</trackTrending>
    <type>Lookup</type>
</CustomField>
