<?xml version="1.0" encoding="UTF-8"?>
<CustomField xmlns="http://soap.sforce.com/2006/04/metadata">
    <fullName>Beer__c</fullName>
    <externalId>false</externalId>
    <label>Beer</label>
    <referenceTo>Beer__c</referenceTo>
    <relationshipLabel>Beer Orders</relationshipLabel>
    <relationshipName>Beer_Orders</relationshipName>
    <relationshipOrder>0</relationshipOrder>
    <reparentableMasterDetail>false</reparentableMasterDetail>
    <trackTrending>false</trackTrending>
    <type>MasterDetail</type>
    <writeRequiresMasterRead>false</writeRequiresMasterRead>
</CustomField>
