{"invno":1,"invdate":"2019-10-01","invamt":7000,"city":"mumbai","InvPaymentBy":"2019-10-16","discount":700.0,"invbucket":"Higher","custname":"Anand","creditbal":18000}
{"invno":2,"invdate":"2019-07-01","invamt":3600,"city":"mumbai","InvPaymentBy":"2019-07-16","discount":360.0,"invbucket":"Lower","custname":"Anand","creditbal":18000}
{"invno":1,"invdate":"2019-10-01","invamt":7000,"city":"mumbai","InvPaymentBy":"2019-10-16","discount":700.0,"invbucket":"Higher","custname":"Anand","creditbal":18000}
{"invno":2,"invdate":"2019-07-01","invamt":3600,"city":"mumbai","InvPaymentBy":"2019-07-16","discount":360.0,"invbucket":"Lower","custname":"Anand","creditbal":18000}
