<?xml version="1.0" encoding="UTF-8"?>
<CustomField xmlns="http://soap.sforce.com/2006/04/metadata">
    <fullName>Coupon__c</fullName>
    <externalId>false</externalId>
    <label>Coupon</label>
    <referenceTo>Coupon__c</referenceTo>
    <relationshipLabel>Carts</relationshipLabel>
    <relationshipName>Carts</relationshipName>
    <relationshipOrder>0</relationshipOrder>
    <reparentableMasterDetail>true</reparentableMasterDetail>
    <trackHistory>false</trackHistory>
    <trackTrending>false</trackTrending>
    <type>MasterDetail</type>
    <writeRequiresMasterRead>false</writeRequiresMasterRead>
</CustomField>
