<?xml version="1.0" encoding="UTF-8"?>
<CustomField xmlns="http://soap.sforce.com/2006/04/metadata">
    <fullName>Total_Amount__c</fullName>
    <externalId>false</externalId>
    <label>Total Amount</label>
    <summarizedField>Cart_Item__c.Item_Amount__c</summarizedField>
    <summaryForeignKey>Cart_Item__c.Cart__c</summaryForeignKey>
    <summaryOperation>sum</summaryOperation>
    <trackHistory>false</trackHistory>
    <trackTrending>false</trackTrending>
    <type>Summary</type>
</CustomField>
